City_ID,City,Country,Lat,Lng,Cloudiness,Humidity,Max_Temp,Wind Speed,Description
0,Souillac,MU,-20.5167,57.5167,75,88,75.58,4.61,broken clouds
1,Vila Franca Do Campo,PT,37.7167,-25.4333,77,84,66.61,25.08,broken clouds
2,Itarema,BR,-2.9248,-39.9167,0,80,78.8,13.67,clear sky
3,High Level,CA,58.5169,-117.136,40,84,-14.69,0.0,scattered clouds
4,Pierre,US,44.3683,-100.351,0,71,30.85,7.0,clear sky
5,Linxia,CN,35.6003,103.2064,98,51,25.12,7.25,overcast clouds
6,Ilulissat,GL,69.2167,-51.1,75,73,19.42,0.0,broken clouds
7,Maniitsoq,GL,65.4167,-52.9,14,71,23.47,4.54,few clouds
8,Nemuro,JP,43.3236,145.575,81,61,35.29,6.31,broken clouds
9,Tigil,RU,57.8,158.6667,96,91,2.28,5.01,overcast clouds
10,Pevek,RU,69.7008,170.3133,100,93,-10.1,13.71,overcast clouds
11,Castro,BR,-24.7911,-50.0119,93,91,67.66,1.59,overcast clouds
12,Necochea,AR,-38.5473,-58.7368,91,43,69.96,1.95,overcast clouds
13,Punta Arenas,CL,-53.15,-70.9167,0,66,46.51,11.5,clear sky
14,Tuktoyaktuk,CA,69.4541,-133.0374,20,84,-5.8,9.22,few clouds
15,Elban,RU,50.1018,136.5094,77,90,4.78,3.98,broken clouds
16,Vaini,TO,-21.2,-175.2,75,83,82.56,12.66,light rain
17,Ushuaia,AR,-54.8,-68.3,9,93,35.82,3.69,clear sky
18,Lalmohan,BD,22.3384,90.7419,4,64,69.31,7.14,clear sky
19,Saint Anthony,US,45.0205,-93.218,100,92,33.91,0.0,overcast clouds
20,Chippewa Falls,US,44.9369,-91.3929,100,95,33.98,0.0,mist
21,Mataura,NZ,-46.1927,168.8643,70,88,63.48,4.21,broken clouds
22,Albany,US,42.6001,-73.9662,100,73,26.22,2.53,overcast clouds
23,Pampa,US,35.5362,-100.9599,0,60,45.55,5.75,clear sky
24,Ballitoville,ZA,-29.539,31.2144,100,88,73.54,1.14,light rain
25,Lata,PT,40.1629,-8.3327,100,95,48.07,7.02,moderate rain
26,Emirdag,TR,39.0197,31.15,100,78,49.78,8.05,overcast clouds
27,Marion,US,39.7684,-86.1555,100,91,43.57,6.91,mist
28,The Valley,AI,18.217,-63.0578,0,62,77.09,7.9,clear sky
29,Vao,NC,-22.6667,167.4833,100,75,78.82,10.58,overcast clouds
30,Bundaberg,AU,-24.85,152.35,98,62,83.21,1.99,overcast clouds
31,Vila,PT,42.0304,-8.1588,100,93,34.68,4.47,snow
32,Mahuva,IN,21.0914,71.7622,21,47,66.74,10.38,few clouds
33,Sur,OM,22.5667,59.5289,0,67,72.93,2.59,light rain
34,Barrow,US,71.2906,-156.7887,0,78,-2.18,17.27,mist
35,Carnarvon,AU,-24.8667,113.6333,0,45,75.78,20.0,clear sky
36,Saint-Philippe,RE,-21.3585,55.7679,53,87,76.59,10.98,light rain
37,Rikitea,PF,-23.1203,-134.9692,41,80,76.44,18.34,scattered clouds
38,Puerto Ayora,EC,-0.7393,-90.3518,54,96,69.55,3.0,broken clouds
39,Port-Gentil,GA,-0.7193,8.7815,100,81,79.84,8.97,light rain
40,Saskylakh,RU,71.9167,114.0833,100,93,-3.39,14.72,overcast clouds
41,Shache,CN,38.4167,77.2406,59,52,22.28,1.66,broken clouds
42,Chuy,UY,-33.6971,-53.4616,0,75,66.83,8.72,clear sky
43,Miri,MY,4.4148,114.0089,40,78,82.54,2.3,scattered clouds
44,Berdigestyakh,RU,62.0989,126.6992,92,100,-45.35,1.99,overcast clouds
45,Tiksi,RU,71.6872,128.8694,100,96,-14.13,15.5,overcast clouds
46,Olafsvik,IS,64.8945,-23.7142,0,59,34.21,11.59,clear sky
47,Hilo,US,19.7297,-155.09,75,71,76.73,5.75,broken clouds
48,Ust-Maya,RU,60.4167,134.5333,100,97,-14.33,1.25,overcast clouds
49,Jamestown,US,42.097,-79.2353,100,39,39.56,10.36,overcast clouds
50,Turbat,PK,26.0023,63.044,0,38,62.89,9.51,clear sky
51,Vila Do Maio,CV,15.1333,-23.2167,0,81,74.19,14.65,clear sky
52,Male,MV,4.1748,73.5089,75,78,82.35,19.57,broken clouds
53,Silver City,US,32.7701,-108.2803,0,65,46.63,3.44,clear sky
54,Busselton,AU,-33.65,115.3333,0,37,67.78,7.45,clear sky
55,Taksimo,RU,56.3444,114.8794,100,93,0.16,0.4,overcast clouds
56,Atuona,PF,-9.8,-139.0333,14,74,77.83,12.57,few clouds
57,Felipe Carrillo Puerto,MX,19.5833,-88.05,0,96,69.75,3.0,light rain
58,Port Elizabeth,ZA,-33.918,25.5701,100,97,71.1,10.36,mist
59,Dangtu,CN,31.5723,118.4928,24,57,41.05,8.81,few clouds
60,Guerrero Negro,MX,27.9769,-114.0611,90,63,60.15,9.95,overcast clouds
61,Aitape,PG,-3.1374,142.3475,99,70,84.13,4.36,overcast clouds
62,Namie,JP,37.4833,141.0,100,78,43.72,13.82,overcast clouds
63,Sao Filipe,CV,14.8961,-24.4956,0,71,77.13,5.79,clear sky
64,Butaritari,KI,3.0707,172.7902,86,74,82.2,11.21,overcast clouds
65,Cape Town,ZA,-33.9258,18.4232,0,76,72.37,12.66,clear sky
66,Champerico,GT,14.3,-91.9167,0,74,78.8,4.79,clear sky
67,Yellowknife,CA,62.456,-114.3525,100,77,-5.28,3.44,light snow
68,Kudahuvadhoo,MV,2.6708,72.8944,78,79,80.98,16.49,broken clouds
69,Bredasdorp,ZA,-34.5322,20.0403,100,91,66.34,17.11,overcast clouds
70,Saldanha,ZA,-33.0117,17.9442,42,89,68.05,11.54,light rain
71,Puerto Madryn,AR,-42.7692,-65.0385,15,36,67.8,10.92,few clouds
72,Victoria,HK,22.2855,114.1577,5,72,67.24,1.99,clear sky
73,Zhanakorgan,KZ,43.9098,67.2495,0,75,10.54,4.63,clear sky
74,Baiyin,CN,36.5583,104.2081,90,40,23.94,19.66,overcast clouds
75,Ketchikan,US,55.3422,-131.6461,0,60,37.38,10.36,clear sky
76,Port Lincoln,AU,-34.7333,135.8667,99,72,62.73,15.68,overcast clouds
77,Bluff,NZ,-46.6,168.3333,39,79,63.81,13.6,scattered clouds
78,Kaitangata,NZ,-46.2817,169.8464,35,69,59.13,8.28,scattered clouds
79,Cam Ranh,VN,11.9214,109.1591,20,57,82.36,11.5,few clouds
80,Portland,US,45.5234,-122.6762,100,92,47.89,7.0,overcast clouds
81,New Norfolk,AU,-42.7826,147.0587,100,54,63.91,5.06,light rain
82,Georgetown,MY,5.4112,100.3354,20,85,82.33,5.75,few clouds
83,Barbastro,ES,42.0356,0.1269,100,48,32.54,2.82,overcast clouds
84,Vaitape,PF,-16.5167,-151.75,100,75,76.42,9.15,light rain
85,Lazaro Cardenas,MX,17.9583,-102.2,2,83,76.01,4.05,clear sky
86,San Juan Del Sur,NI,11.2529,-85.8705,0,79,77.56,18.45,clear sky
87,Norman Wells,CA,65.282,-126.8329,75,68,-27.36,2.3,broken clouds
88,Anadyr,RU,64.75,177.4833,75,92,16.3,20.13,snow
89,Hay River,CA,60.8156,-115.7999,83,77,-5.82,4.61,broken clouds
90,La Ronge,CA,55.1001,-105.2842,75,85,8.85,4.61,broken clouds
91,Sartell,US,45.6216,-94.2069,100,94,32.29,0.0,mist
92,Klaksvik,FO,62.2266,-6.589,99,76,36.52,25.61,light rain
93,Esperance,AU,-33.8667,121.9,91,53,61.47,11.9,overcast clouds
94,Waingapu,ID,-9.6567,120.2641,82,57,86.56,4.25,broken clouds
95,Namibe,AO,-15.1961,12.1522,56,81,68.56,4.14,broken clouds
96,Srednekolymsk,RU,67.45,153.6833,61,98,-43.91,8.01,broken clouds
97,Hofn,IS,64.2539,-15.2082,0,47,31.26,11.88,clear sky
98,Taoudenni,ML,22.6783,-3.9836,0,14,74.55,3.42,clear sky
99,Henties Bay,NA,-22.116,14.2845,48,94,60.08,4.32,scattered clouds
100,Kirakira,SB,-10.4544,161.9205,100,87,78.1,4.16,overcast clouds
101,Roald,NO,62.5833,6.1333,52,68,25.75,13.8,broken clouds
102,Caravelas,BR,-17.7125,-39.2481,100,92,76.91,7.74,light rain
103,Atikokan,CA,48.7555,-91.6216,100,99,22.28,2.98,overcast clouds
104,Fortuna,US,40.5982,-124.1573,100,95,46.74,9.22,overcast clouds
105,Dikson,RU,73.5069,80.5464,96,100,-7.76,9.37,overcast clouds
106,Borzya,RU,50.3833,116.5167,10,90,-6.12,2.59,clear sky
107,Arraial Do Cabo,BR,-22.9661,-42.0278,14,95,74.61,11.05,few clouds
108,Vila Velha,BR,-20.3297,-40.2925,0,93,73.94,3.44,clear sky
109,Tutoia,BR,-2.7619,-42.2744,22,82,79.63,13.42,few clouds
110,Bengkulu,ID,-3.8004,102.2655,100,81,78.19,7.07,overcast clouds
111,Jawhar,SO,2.7809,45.5005,100,85,73.4,6.89,overcast clouds
112,Saint George,US,37.1041,-113.5841,0,61,43.79,1.99,clear sky
113,Letterkenny,IE,54.95,-7.7333,24,93,31.03,2.13,few clouds
114,Yar-Sale,RU,66.8333,70.8333,21,100,-20.42,5.01,few clouds
115,Upernavik,GL,72.7868,-56.1549,100,93,20.57,13.87,light snow
116,Vardo,NO,70.3705,31.1107,54,68,26.58,21.85,broken clouds
117,Ponta Do Sol,PT,32.6667,-17.1,100,94,75.0,11.65,light rain
118,Kedrovyy,RU,56.1667,91.8167,100,95,0.01,8.25,overcast clouds
119,Cassia,BR,-20.5831,-46.9219,60,73,71.26,1.86,broken clouds
120,Chokurdakh,RU,70.6333,147.9167,100,97,-16.37,10.87,overcast clouds
121,Kartuzy,PL,54.3342,18.1974,75,92,31.39,1.14,mist
122,Nikolskoye,RU,59.7035,30.7861,99,100,22.89,2.8,overcast clouds
123,Tuusula,FI,60.4037,25.0264,75,81,25.75,10.36,broken clouds
124,Pasni,PK,25.2631,63.471,0,51,72.7,6.26,clear sky
125,Solnechnyy,RU,50.7214,136.6319,6,61,8.2,3.22,clear sky
126,Huinan,CN,42.6225,126.2614,2,69,16.38,4.16,clear sky
127,North Bend,US,43.4065,-124.2243,100,100,44.17,11.5,overcast clouds
128,Amazar,RU,53.858,120.875,100,93,-3.51,1.54,overcast clouds
129,Mbinga,TZ,-10.9333,35.0167,86,96,60.21,1.45,moderate rain
130,Hermanus,ZA,-34.4187,19.2345,90,87,68.81,15.59,light rain
131,Berlevag,NO,70.8578,29.0864,20,63,21.2,5.75,few clouds
132,Chitral,PK,35.8462,71.7858,100,58,35.28,5.91,overcast clouds
133,Ulaangom,MN,49.9811,92.0667,100,97,-10.05,1.83,overcast clouds
134,Yenagoa,NG,4.9247,6.2642,99,91,77.32,3.53,overcast clouds
135,Sharjah,AE,25.3573,55.4033,20,64,75.18,11.5,few clouds
136,Coihaique,CL,-45.5752,-72.0662,75,93,48.81,3.44,light rain
137,Galesong,ID,-5.3166,119.3661,99,67,84.22,2.46,overcast clouds
138,Mwingi,KE,-0.9344,38.0601,100,96,64.35,0.4,overcast clouds
139,Hasaki,JP,35.7333,140.8333,63,68,59.29,13.35,light rain
140,Susanville,US,40.4163,-120.653,100,94,37.11,3.0,snow
141,Beloha,MG,-25.1667,45.05,77,87,71.13,6.85,broken clouds
142,Thompson,CA,55.7435,-97.8558,100,93,17.76,2.3,overcast clouds
143,Provideniya,RU,64.3833,-173.3,100,99,31.66,2.17,light snow
144,Mecca,SA,21.4267,39.8261,10,57,74.93,0.18,clear sky
145,Beberibe,BR,-4.1797,-38.1306,6,80,78.62,10.13,clear sky
146,Cavarzere,IT,45.1356,12.0817,100,85,46.06,12.68,overcast clouds
147,Almaznyy,RU,48.0448,40.045,100,92,36.68,15.05,light rain
148,Bam,IR,29.106,58.357,8,56,45.14,3.0,clear sky
149,Glenwood Springs,US,39.5505,-107.3248,75,64,36.63,17.27,broken clouds
150,Grand Gaube,MU,-20.0064,57.6608,14,73,76.37,1.01,few clouds
151,Avarua,CK,-21.2078,-159.775,75,65,78.85,9.22,light rain
152,Cidreira,BR,-30.1811,-50.2056,100,89,73.29,9.35,overcast clouds
153,Quatre Cocos,MU,-20.2078,57.7625,37,78,76.08,10.98,scattered clouds
154,Tessalit,ML,20.1986,1.0114,0,16,67.28,9.01,clear sky
155,Kapaa,US,22.0752,-159.319,20,70,80.92,16.11,few clouds
156,Akdagmadeni,TR,39.6603,35.8836,98,63,42.55,5.3,overcast clouds
157,Isla Vista,US,34.4133,-119.861,100,89,58.82,9.22,moderate rain
158,Cherskiy,RU,68.75,161.3,100,96,-25.47,5.84,overcast clouds
159,Ziway,ET,7.9333,38.7167,0,55,60.15,10.0,clear sky
160,Neiafu,TO,-18.65,-173.9833,40,74,86.68,6.91,scattered clouds
161,Pisco,PE,-13.7,-76.2167,100,83,68.05,3.44,mist
162,Bandarbeyla,SO,9.4942,50.8122,81,72,74.23,14.34,broken clouds
163,Carutapera,BR,-1.195,-46.02,9,86,77.72,6.76,clear sky
164,Lebu,CL,-37.6167,-73.65,1,81,58.35,12.75,clear sky
165,Fort Saint James,CA,54.4333,-124.25,100,95,14.83,4.45,light snow
166,Russell,US,32.3502,-85.1999,100,88,60.08,6.91,overcast clouds
167,Tuatapere,NZ,-46.1333,167.6833,33,74,62.29,6.08,scattered clouds
168,Luba,GQ,3.4568,8.5547,100,82,76.89,3.69,overcast clouds
169,Maracacume,BR,-2.0428,-45.9592,5,89,73.8,1.61,clear sky
170,Tolaga Bay,NZ,-38.3667,178.3,100,54,76.14,7.67,overcast clouds
171,Kavaratti,IN,10.5669,72.642,13,72,81.28,16.75,few clouds
172,Campbell River,CA,50.0163,-125.2446,100,100,40.44,3.44,mist
173,Soyo,AO,-6.1349,12.3689,97,86,78.06,7.4,overcast clouds
174,Port Hardy,CA,50.6996,-127.4199,75,87,41.18,9.22,light rain
175,Moctezuma,MX,29.8,-109.6667,0,26,59.83,0.89,clear sky
176,Hobart,AU,-42.8794,147.3294,75,71,64.26,12.66,light rain
177,East London,ZA,-33.0153,27.9116,100,94,71.04,7.94,light rain
178,Balikpapan,ID,-1.2675,116.8289,20,70,85.19,6.91,few clouds
179,Qingdao,CN,36.0986,120.3719,0,55,35.2,11.18,clear sky
180,Marawi,PH,7.9986,124.2928,100,65,78.71,4.38,overcast clouds
181,Chabahar,IR,25.2919,60.643,77,73,69.58,7.63,light rain
182,Bilma,NE,18.6853,12.9164,10,16,66.43,8.48,clear sky
183,Karratha,AU,-20.7377,116.8463,1,18,99.81,11.34,clear sky
184,Clyde River,CA,70.4692,-68.5914,0,76,-16.37,6.91,clear sky
185,Nanortalik,GL,60.1432,-45.2371,3,74,22.82,9.01,clear sky
186,Mar Del Plata,AR,-38.0023,-57.5575,0,50,69.94,5.75,light rain
187,Lagoa,PT,39.05,-27.9833,100,78,63.88,39.44,overcast clouds
188,Port Hedland,AU,-20.3167,118.5667,9,11,105.85,16.11,clear sky
189,Port Macquarie,AU,-31.4333,152.9167,5,57,82.89,14.14,clear sky
190,Houma,US,29.5958,-90.7195,72,91,71.6,4.0,broken clouds
191,Shahr-E Kord,IR,32.3256,50.8644,75,100,31.77,4.61,mist
192,Nago,JP,26.5881,127.9761,77,70,75.63,18.66,broken clouds
193,Chiang Klang,TH,19.2938,100.8617,6,71,77.02,1.28,clear sky
194,Ribeira Grande,PT,38.5167,-28.7,28,85,65.77,30.0,light rain
195,Requena,ES,39.4883,-1.1004,100,79,49.51,18.12,overcast clouds
196,San Patricio,US,28.017,-97.5169,100,89,75.06,10.02,overcast clouds
197,Kahului,US,20.8947,-156.47,20,66,80.62,19.57,few clouds
198,Shakhta,RU,59.0927,57.653,100,72,11.86,3.0,light snow
199,Khatanga,RU,71.9667,102.5,100,97,-8.77,12.64,overcast clouds
200,Faanui,PF,-16.4833,-151.75,100,74,76.51,9.01,light rain
201,Lorengau,PG,-2.0226,147.2712,100,68,84.42,2.17,overcast clouds
202,Qinzhou,CN,21.95,108.6167,100,53,58.62,12.17,overcast clouds
203,Palmer,US,42.1584,-72.3287,100,71,32.25,1.99,overcast clouds
204,Senj,HR,44.9894,14.9058,98,83,48.87,14.94,overcast clouds
205,Torbay,CA,47.6666,-52.7314,100,97,36.75,21.0,light rain
206,Ciudad Bolivar,VE,8.1222,-63.5497,97,65,79.47,10.63,overcast clouds
207,Coruripe,BR,-10.1256,-36.1756,100,88,77.38,10.8,overcast clouds
208,Bakchar,RU,57.0186,82.0711,100,94,-9.36,3.65,overcast clouds
209,Pawai,IN,24.2667,80.1667,18,47,57.02,2.15,few clouds
210,Turinsk,RU,58.0458,63.696,100,97,14.72,3.38,overcast clouds
211,Leningradskiy,RU,69.3833,178.4167,100,98,-4.04,6.85,light snow
212,Vanimo,PG,-2.6741,141.3028,94,66,85.82,4.34,overcast clouds
213,Grindavik,IS,63.8424,-22.4338,0,69,30.67,13.8,clear sky
214,Sisimiut,GL,66.9395,-53.6735,96,79,22.28,4.83,overcast clouds
215,San Ignacio,BZ,17.1561,-89.0714,0,100,68.14,0.0,clear sky
216,Longonjo,AO,-12.9067,15.2533,96,95,60.89,0.47,light rain
217,Neyshabur,IR,36.2133,58.7958,6,56,31.28,1.05,clear sky
218,Kruisfontein,ZA,-34.0033,24.7314,100,98,68.88,8.14,light rain
219,Cayenne,GF,4.9333,-52.3333,75,94,75.24,0.0,broken clouds
220,Lufilufi,WS,-13.8745,-171.5986,9,76,82.18,12.62,clear sky
221,Buala,SB,-8.145,159.5921,100,70,83.66,5.41,overcast clouds
222,Tarauaca,BR,-8.1614,-70.7656,76,97,72.61,2.39,broken clouds
223,Manoel Urbano,BR,-8.8389,-69.2597,95,79,77.99,2.77,overcast clouds
224,Barra Do Bugres,BR,-15.0725,-57.1811,100,80,76.03,3.83,overcast clouds
225,West Bay,KY,19.3667,-81.4167,20,79,78.87,11.5,few clouds
226,Te Anau,NZ,-45.4167,167.7167,44,60,65.1,4.27,scattered clouds
227,Veere,NL,51.5483,3.6667,100,95,36.0,12.66,light snow
228,Lahaina,US,20.8783,-156.6825,4,81,80.6,16.37,clear sky
229,Seddon,AU,-37.8068,144.8916,0,33,86.67,31.07,clear sky
230,Ellensburg,US,46.9965,-120.5479,100,94,35.46,0.0,fog
231,Baruun-Urt,MN,46.6806,113.2792,100,62,6.21,12.37,overcast clouds
232,Hithadhoo,MV,-0.6,73.0833,100,77,81.86,13.71,overcast clouds
233,Farmington,US,36.7281,-108.2187,0,34,39.2,5.99,clear sky
234,Lompoc,US,34.6391,-120.4579,100,96,57.78,25.32,overcast clouds
235,Kodiak,US,57.79,-152.4072,100,80,33.31,3.44,overcast clouds
236,Bethel,US,41.3712,-73.414,100,74,34.75,6.58,overcast clouds
237,Kavieng,PG,-2.5744,150.7967,97,72,83.44,6.67,light rain
238,Nouadhibou,MR,20.931,-17.0347,2,84,68.16,14.74,clear sky
239,Wanning,CN,18.8003,110.3967,97,65,70.36,13.31,overcast clouds
240,Nongstoin,IN,25.5167,91.2667,2,50,56.07,1.66,clear sky
241,Noumea,NC,-22.2763,166.4572,44,99,88.0,10.18,scattered clouds
242,Port Alfred,ZA,-33.5906,26.891,100,98,70.18,1.99,light rain
243,Estelle,US,29.8458,-90.1067,100,86,70.0,8.05,overcast clouds
244,Lasa,IT,46.6166,10.7002,74,94,34.68,7.87,broken clouds
245,Lisakovsk,KZ,52.5369,62.4936,42,77,3.63,9.8,scattered clouds
246,Tautira,PF,-17.7333,-149.15,100,74,77.52,2.8,moderate rain
247,Acajutiba,BR,-11.6622,-38.0172,94,97,72.1,4.85,overcast clouds
248,Altamont,US,42.2068,-121.7372,100,95,35.78,3.44,overcast clouds
249,Fare,PF,-16.7,-151.0167,100,73,76.6,8.34,light rain
250,Tikapur,NP,28.5,81.1333,0,38,55.81,3.27,clear sky
251,Saint-Denis,FR,48.9167,2.3333,100,94,30.97,9.22,mist
252,Airai,TL,-8.9266,125.4092,10,37,78.42,0.81,clear sky
253,Severo-Kurilsk,RU,50.6789,156.125,100,96,28.31,5.7,snow
254,Riyadh,SA,24.6877,46.7219,0,48,50.14,4.61,clear sky
255,Pokhara,NP,28.2333,83.9833,0,22,59.31,4.7,clear sky
256,Halifax,CA,44.6453,-63.5724,36,78,27.45,8.99,scattered clouds
257,Srandakan,ID,-7.9386,110.2506,59,71,82.99,5.32,broken clouds
258,Udachnyy,RU,66.4167,112.4,57,100,-44.95,3.49,broken clouds
259,Botwood,CA,49.1499,-55.3482,100,93,27.9,11.21,light snow
260,Santona,ES,43.4439,-3.4576,100,70,42.33,4.29,overcast clouds
261,Tura,IN,25.5198,90.2201,9,73,64.06,2.1,clear sky
262,Maceio,BR,-9.6658,-35.7353,20,94,76.44,2.3,few clouds
263,Nioro,GM,13.35,-15.75,0,68,72.72,2.13,clear sky
264,Bull Savanna,JM,17.8868,-77.5902,0,76,71.73,6.49,clear sky
265,Lavrentiya,RU,65.5833,-171.0,100,97,28.45,29.37,snow
266,Longyearbyen,SJ,78.2186,15.6401,75,74,31.84,13.8,light snow
267,Shingu,JP,33.7333,135.9833,95,54,61.39,6.44,overcast clouds
268,Cabo San Lucas,MX,22.8909,-109.9124,0,68,73.71,3.44,clear sky
269,Gizo,SB,-8.103,156.8419,100,70,84.13,5.21,overcast clouds
270,Qaanaaq,GL,77.484,-69.3632,99,85,-7.11,3.27,overcast clouds
271,Ixtapa,MX,20.7,-105.2,0,88,76.23,5.75,clear sky
272,Dejen,ET,10.1667,38.1333,27,61,51.37,1.97,scattered clouds
273,Udaipur,IN,24.5712,73.6918,0,55,49.1,5.35,clear sky
274,Panama City,PA,8.9936,-79.5197,0,82,78.17,4.61,clear sky
275,Uribia,CO,11.7139,-72.266,5,74,75.85,10.63,clear sky
276,Zhanaozen,KZ,43.3,52.8,0,39,19.36,17.67,clear sky
277,Teguldet,RU,57.3064,88.1667,100,96,-12.77,3.4,overcast clouds
278,Tasiilaq,GL,65.6145,-37.6368,14,62,24.96,7.07,few clouds
279,San Juan De Colon,VE,8.0313,-72.2605,88,96,69.39,1.72,overcast clouds
280,Monrovia,LR,6.3005,-10.7969,9,82,78.91,4.54,clear sky
281,Isangel,VU,-19.55,169.2667,75,74,86.11,0.0,light intensity shower rain
282,Yulara,AU,-25.2406,130.9889,48,19,100.53,8.97,scattered clouds
283,Falakata,IN,26.5208,89.2055,0,63,64.22,2.71,clear sky
284,Nacala,MZ,-14.5428,40.6728,100,86,74.84,3.96,overcast clouds
285,Port Blair,IN,11.6667,92.75,75,89,80.64,2.3,broken clouds
286,Moindou,NC,-21.6924,165.677,26,64,84.34,6.06,scattered clouds
287,Sistranda,NO,63.7256,8.834,79,76,19.36,17.58,broken clouds
288,Mount Pleasant,US,32.7941,-79.8626,100,81,54.0,8.05,overcast clouds
289,Ginda,IN,30.6945,78.4932,0,15,45.0,8.34,clear sky
290,College,US,64.8569,-147.8028,75,85,3.18,4.61,broken clouds
291,Kalmunai,LK,7.4167,81.8167,88,81,76.48,6.11,overcast clouds
292,Lindi,TZ,-10.0,39.7167,100,88,74.32,2.73,overcast clouds
293,Kropotkin,RU,45.4375,40.5756,87,63,39.0,9.1,overcast clouds
294,Geraldton,AU,-28.7667,114.6,0,29,81.01,13.8,clear sky
295,Alofi,NU,-19.0595,-169.9187,99,89,78.69,11.5,overcast clouds
296,Nantucket,US,41.2835,-70.0995,75,82,42.91,18.41,broken clouds
297,Fairbanks,US,64.8378,-147.7164,75,85,3.2,4.61,broken clouds
298,Road Town,VG,18.4167,-64.6167,0,70,78.89,10.31,clear sky
299,Ostersund,SE,63.1792,14.6357,100,92,12.65,6.91,overcast clouds
300,Gedo,ET,9.0167,37.45,40,59,51.3,2.89,scattered clouds
301,Coquimbo,CL,-29.9533,-71.3436,100,88,62.33,0.0,overcast clouds
302,Ligaya,PH,12.6599,120.8923,100,82,80.29,4.76,overcast clouds
303,Veydelevka,RU,50.1521,38.4492,100,92,38.64,17.25,overcast clouds
304,Krasnoslobodsk,RU,48.7072,44.5714,100,80,30.02,15.66,overcast clouds
305,Paso Del Toro,MX,19.0333,-96.1167,0,77,73.62,3.44,clear sky
306,Aberdeen,GB,57.1437,-2.0981,20,88,36.75,5.75,few clouds
307,Old Saybrook,US,41.2918,-72.3762,0,72,36.18,5.75,clear sky
308,Lishu,CN,43.3047,124.3278,0,48,18.61,4.9,clear sky
309,Mayo,US,38.8876,-76.5119,100,77,43.95,10.36,overcast clouds
310,Chimbote,PE,-9.0853,-78.5783,84,83,66.72,6.15,broken clouds
311,Greenfield,US,42.9614,-88.0126,100,93,36.88,3.44,light rain
312,Adeje,ES,28.1227,-16.726,75,97,68.88,5.75,broken clouds
313,Murray Bridge,AU,-35.1167,139.2667,90,50,67.12,14.5,overcast clouds
314,Iqaluit,CA,63.7506,-68.5145,20,77,-9.67,23.02,few clouds
315,Narsaq,GL,60.9167,-46.05,0,62,25.02,9.98,clear sky
316,Marzuq,YE,14.4,46.4667,1,77,58.5,2.28,clear sky
317,Svetlaya,RU,46.5389,138.3297,0,50,19.89,6.91,clear sky
318,Saint-Augustin,CA,51.226,-58.6502,11,76,10.35,14.27,few clouds
319,Faya,SA,18.3851,42.4509,1,81,51.91,3.51,clear sky
320,Lensk,RU,60.7253,114.9278,100,100,-9.6,2.26,overcast clouds
321,Husavik,IS,66.0449,-17.3389,84,83,21.61,7.4,broken clouds
322,Aklavik,CA,68.2191,-135.0107,55,99,-12.01,9.31,broken clouds
323,Oyama,JP,36.3,139.8,57,61,53.58,7.74,broken clouds
324,Paamiut,GL,61.994,-49.6678,0,58,21.92,14.25,clear sky
325,Ancud,CL,-41.8697,-73.8203,5,91,54.39,7.25,clear sky
326,Sumenep,ID,-7.0167,113.8667,35,67,84.81,4.25,scattered clouds
327,Mbekenyera,TZ,-10.0,38.9833,93,88,70.99,0.78,overcast clouds
328,Waycross,US,31.2136,-82.354,100,99,57.45,5.75,overcast clouds
329,Luderitz,NA,-26.6481,15.1594,15,97,61.45,7.72,few clouds
330,Krasnyy,RU,54.5678,31.4333,100,96,25.63,8.39,overcast clouds
331,Raahe,FI,64.6833,24.4833,100,89,23.09,15.99,overcast clouds
332,Mount Gambier,AU,-37.8333,140.7667,100,49,68.74,8.75,overcast clouds
333,Arlit,NE,18.7369,7.3853,52,15,67.06,7.09,broken clouds
334,Constitucion,CL,-35.3333,-72.4167,0,71,58.48,15.95,clear sky
335,Bathsheba,BB,13.2167,-59.5167,20,89,73.06,5.75,few clouds
336,Talnakh,RU,69.4865,88.3972,98,97,-27.13,5.84,overcast clouds
337,Okhotsk,RU,59.3833,143.3,69,83,-21.68,11.61,broken clouds
338,Riachao Das Neves,BR,-11.7461,-44.91,100,81,72.21,2.57,overcast clouds
339,Brikama,GM,13.2714,-16.6494,0,83,75.09,7.47,clear sky
340,Makakilo City,US,21.3469,-158.0858,75,61,79.12,21.85,broken clouds
341,Bambous Virieux,MU,-20.3428,57.7575,75,88,76.21,4.61,broken clouds
342,Kresttsy,RU,58.2452,32.5165,91,99,8.67,3.51,overcast clouds
343,Zhuanghe,CN,39.7008,122.9911,0,40,27.82,6.85,clear sky
344,Anan,JP,33.9167,134.65,99,71,56.98,17.45,overcast clouds
345,Dzhebariki-Khaya,RU,62.2167,135.8,100,98,-20.69,0.96,overcast clouds
346,Tonantins,BR,-2.8731,-67.8022,63,98,72.81,2.3,broken clouds
347,Hobyo,SO,5.3505,48.5268,26,70,77.11,15.79,scattered clouds
348,Lysyanka,UA,49.2523,30.8295,100,94,47.48,11.7,overcast clouds
349,Mahibadhoo,MV,3.7833,72.9667,99,80,81.5,17.96,overcast clouds
350,Caceres,ES,39.522,-6.3748,100,97,47.93,7.81,light rain
351,Shu,KZ,43.5983,73.7614,5,93,1.06,3.91,clear sky
352,Ewa Beach,US,21.3156,-158.0072,75,61,80.55,21.85,broken clouds
353,Kimbe,PG,-5.5502,150.1429,92,69,85.98,5.53,light rain
354,Simpsonville,US,34.7371,-82.2543,100,94,50.56,5.75,overcast clouds
355,Ust-Tsilma,RU,65.441,52.1498,100,100,-23.31,2.26,overcast clouds
356,Vostok,RU,46.4856,135.8833,100,86,6.85,7.25,overcast clouds
357,Codrington,AU,-38.2667,141.9667,100,66,67.57,15.93,overcast clouds
358,Peleduy,RU,59.6289,112.7406,100,99,-3.35,3.22,overcast clouds
359,Nyurba,RU,63.2842,118.3319,100,100,-43.47,3.2,overcast clouds
360,Marfino,RU,55.7028,37.3822,100,100,33.17,4.47,fog
361,Goderich,CA,43.7501,-81.7165,100,80,31.91,12.66,overcast clouds
362,Porto Walter,BR,-8.2686,-72.7439,100,74,76.37,2.68,overcast clouds
363,Kupang,ID,-10.1667,123.5833,40,70,88.38,6.91,scattered clouds
364,Upington,ZA,-28.4478,21.2561,83,53,75.58,5.75,light rain
365,Colac,AU,-38.3333,143.5833,77,38,77.16,11.12,broken clouds
366,Merauke,ID,-8.4667,140.3333,100,70,83.98,2.62,overcast clouds
367,Tocopilla,CL,-22.092,-70.1979,88,68,69.17,2.04,overcast clouds
368,Pendleton,US,45.6721,-118.7886,100,68,48.43,15.01,overcast clouds
369,Muli,MV,2.9167,73.5667,100,78,80.83,17.47,overcast clouds
370,Margate,GB,51.3813,1.3862,37,76,35.91,2.84,scattered clouds
371,Songadh,IN,21.1667,73.5667,54,38,64.98,6.93,broken clouds
372,Athens,GR,37.9795,23.7162,40,83,68.41,18.01,scattered clouds
373,Hami,CN,42.8,93.45,42,56,18.61,6.67,scattered clouds
374,Kieta,PG,-6.2167,155.6333,100,79,82.17,1.66,moderate rain
375,Boke,GN,10.9409,-14.2967,6,97,74.39,2.66,clear sky
376,San-Pedro,CI,4.7485,-6.6363,30,84,77.81,3.85,scattered clouds
377,Sechura,PE,-5.5569,-80.8222,100,78,69.15,11.36,overcast clouds
378,Ostrovnoy,RU,68.0531,39.5131,100,94,14.88,3.87,light snow
379,Rawson,AR,-43.3002,-65.1023,44,39,67.69,5.97,scattered clouds
380,Pipri,IN,19.8,75.5333,20,88,61.38,0.0,haze
381,Srivardhan,IN,18.0333,73.0167,51,47,72.93,4.52,broken clouds
382,Haridwar,IN,29.9667,78.1667,0,30,54.81,5.39,clear sky
383,Kapit,MY,2.0167,112.9333,83,77,81.3,1.77,broken clouds
384,Kosh-Agach,RU,50.0,88.6667,99,86,-9.72,1.5,overcast clouds
385,Natchitoches,US,31.7668,-93.1335,100,94,67.05,0.0,overcast clouds
386,Grand Baie,MU,-20.0182,57.5802,9,73,76.44,1.01,clear sky
387,Dunedin,NZ,-45.8742,170.5036,67,76,58.1,7.14,broken clouds
388,Buraydah,SA,26.326,43.975,0,45,48.65,6.67,clear sky
389,Cap-Aux-Meules,CA,47.3821,-61.8597,75,74,23.05,24.16,broken clouds
390,Tamandare,BR,-8.7597,-35.1047,92,85,78.03,6.67,overcast clouds
391,Luanda,AO,-8.8368,13.2343,100,85,77.09,5.06,overcast clouds
392,Syracuse,IT,37.0881,15.2792,95,75,60.39,20.47,overcast clouds
393,Tazovskiy,RU,67.4667,78.7,92,98,-11.22,6.24,overcast clouds
394,America Dourada,BR,-11.4553,-41.4361,100,81,70.68,3.33,overcast clouds
395,Malaya Purga,RU,56.5567,53.0043,100,94,17.51,15.39,snow
396,Rocha,UY,-34.4833,-54.3333,0,89,58.68,5.84,clear sky
397,Havelock,US,34.8791,-76.9013,0,85,51.78,5.75,clear sky
398,Santa Cruz,BO,-17.8,-63.1667,40,74,80.06,9.22,scattered clouds
399,Yantal,RU,56.8471,105.2542,100,91,5.2,8.81,overcast clouds
400,Muroto,JP,33.2833,134.15,62,61,60.64,4.43,broken clouds
401,Tanout,NE,14.9709,8.8879,100,20,62.55,11.01,overcast clouds
402,Sao Joao Da Barra,BR,-21.6403,-41.0511,23,94,74.98,5.5,few clouds
403,Baherden,TM,38.4362,57.4316,3,51,30.16,6.85,clear sky
404,Razole,IN,16.4833,81.8333,13,87,76.06,5.88,few clouds
405,Inirida,CO,3.8653,-67.9239,100,98,72.72,0.67,overcast clouds
406,Yeniseysk,RU,58.4497,92.1703,74,98,-24.74,3.89,broken clouds
407,Guane,CU,22.2025,-84.0875,27,80,72.03,4.14,scattered clouds
408,Elat,IL,29.5581,34.9482,5,58,55.24,4.61,clear sky
409,Ponnampet,IN,12.15,75.9333,100,96,64.63,1.68,overcast clouds
410,Killybegs,IE,54.6333,-8.45,69,75,39.45,5.01,broken clouds
411,Kushmurun,KZ,52.4503,64.6311,63,80,2.01,10.33,broken clouds
412,Along,IN,28.1667,94.7667,0,59,58.89,0.65,clear sky
413,Aljezur,PT,37.3191,-8.8033,100,96,64.09,22.75,overcast clouds
414,Aquidauana,BR,-20.4711,-55.7872,80,74,80.49,3.98,light rain
415,Douentza,ML,14.9951,-2.9517,69,15,68.95,4.74,broken clouds
416,Arman,RU,59.7,150.1667,25,93,-12.69,5.75,scattered clouds
417,Mahebourg,MU,-20.4081,57.7,75,88,76.24,4.61,broken clouds
418,Bouna,CI,9.2667,-3.0,0,21,74.28,4.47,clear sky
419,Metro,ID,-5.1131,105.3067,99,68,82.76,5.12,overcast clouds
420,Ternate,ID,0.8,127.4,100,67,84.42,3.94,overcast clouds
421,Launceston,AU,-41.45,147.1667,100,85,58.6,5.75,light rain
422,Soderhamn,SE,61.3037,17.0592,41,93,16.95,4.79,scattered clouds
423,Salalah,OM,17.0151,54.0924,0,47,77.09,9.22,clear sky
424,Hvide Sande,DK,56.0045,8.1294,92,89,31.39,12.19,overcast clouds
425,Beringovskiy,RU,63.05,179.3167,41,89,8.94,13.06,scattered clouds
426,Bowen,AU,-20.0167,148.2333,40,65,83.73,11.61,scattered clouds
427,Sfantu Gheorghe,RO,45.8667,25.7833,100,54,52.83,5.57,overcast clouds
428,Uvinza,TZ,-5.1036,30.3911,100,96,64.02,1.23,overcast clouds
429,Tarboro,US,35.8968,-77.5358,40,76,47.08,0.0,scattered clouds
430,Gejiu,CN,23.306,103.1635,99,88,46.51,3.98,overcast clouds
431,Maputo,MZ,-25.9653,32.5892,75,88,74.88,4.61,light rain
432,Dingle,PH,10.9995,122.6711,100,79,81.59,4.9,overcast clouds
433,Bosaso,SO,11.2842,49.1816,1,77,71.76,3.27,clear sky
434,Virginia Beach,US,36.8529,-75.978,75,90,49.01,9.22,broken clouds
435,Yaan,NG,7.3833,8.5667,0,24,74.57,2.89,clear sky
436,Tanda,IN,26.55,82.65,0,62,59.07,4.76,clear sky
437,Fukue,JP,32.6881,128.8419,75,47,55.76,13.8,broken clouds
438,Chotila,IN,22.4167,71.1833,1,40,61.9,8.52,clear sky
439,Guaruja,BR,-23.9931,-46.2564,94,85,75.29,1.19,overcast clouds
440,Dhidhdhoo,MV,6.8833,73.1,6,72,81.48,17.11,clear sky
441,Saint-Joseph,RE,-21.3667,55.6167,48,87,75.58,9.42,light rain
442,Coahuayana,MX,18.7333,-103.6833,1,91,72.37,1.57,clear sky
443,Ayan,RU,56.45,138.1667,99,63,5.56,11.23,overcast clouds
444,Sorong,ID,-0.8833,131.25,78,81,82.22,13.06,broken clouds
445,Nizhneangarsk,RU,55.7833,109.55,100,72,10.53,9.53,overcast clouds
446,San Miguel,SV,13.4833,-88.1833,60,77,75.34,2.01,broken clouds
447,Salinopolis,BR,-0.6136,-47.3561,10,85,78.33,9.55,clear sky
448,Brigantine,US,39.4101,-74.3646,100,88,43.0,6.91,overcast clouds
449,Vallenar,CL,-28.5708,-70.7581,0,64,69.69,4.88,clear sky
450,Cockburn Town,TC,21.4612,-71.1419,0,66,78.84,11.12,clear sky
451,Puerto Madero,MX,14.7208,-92.4215,20,100,75.4,2.3,few clouds
452,Ambilobe,MG,-13.2,49.05,36,89,72.5,3.18,scattered clouds
453,Mao,ES,39.8885,4.2658,0,93,46.96,8.05,clear sky
454,Tilichiki,RU,60.4667,166.1,15,95,-6.56,0.87,few clouds
455,Turkistan,KZ,43.0,68.0,0,53,18.43,8.93,clear sky
456,Burley,US,42.5357,-113.7928,100,67,37.36,8.05,overcast clouds
457,Sovetsk,RU,55.0839,21.8785,57,97,12.04,4.85,broken clouds
458,Pamanukan,ID,-6.2842,107.8106,78,60,87.8,2.3,broken clouds
459,Nyrob,RU,60.733,56.7202,100,94,10.56,6.31,overcast clouds
460,Hambantota,LK,6.1241,81.1185,75,100,73.74,1.14,light rain
461,Sawang Daen Din,TH,17.4753,103.4575,93,99,79.18,9.69,overcast clouds
462,Videira,BR,-27.0083,-51.1517,99,99,66.83,0.81,overcast clouds
463,Makarov,RU,48.6333,142.8,75,65,21.11,6.58,broken clouds
464,Umm Lajj,SA,25.0213,37.2685,0,38,75.78,10.56,clear sky
465,Mozarlandia,BR,-14.7447,-50.5706,96,90,71.49,5.7,overcast clouds
466,Adrar,MR,20.5022,-10.0711,4,16,73.24,6.73,clear sky
467,Baykit,RU,61.67,96.37,80,100,-28.62,3.94,broken clouds
468,Salta,AR,-24.7859,-65.4117,20,84,69.58,2.3,few clouds
469,Aswan,EG,24.0934,32.907,0,38,58.3,13.8,clear sky
470,Urengoy,RU,65.9667,78.3667,38,100,-24.57,4.23,scattered clouds
471,Amahai,ID,-3.3333,128.9167,66,70,85.48,3.83,broken clouds
472,Manavalakurichi,IN,8.1333,77.3,98,80,79.18,12.53,overcast clouds
473,Yakeshi,CN,49.2833,120.7333,12,87,2.19,6.93,few clouds
474,Brazzaville,CG,-4.2658,15.2832,20,83,77.36,5.75,few clouds
475,Minab,IR,27.1467,57.0801,33,28,68.32,4.61,scattered clouds
476,Roma,US,43.2128,-75.4557,0,69,30.87,10.36,clear sky
477,Tabas,IR,33.5959,56.9244,61,41,39.42,2.3,broken clouds
478,Moree,AU,-29.4667,149.85,0,25,89.91,6.93,clear sky
479,Hervey Bay,AU,-25.2986,152.8535,100,66,75.67,6.51,overcast clouds
480,Ahipara,NZ,-35.1667,173.1667,97,95,67.42,5.03,light rain
481,Jumla,NP,29.2747,82.1838,0,13,49.78,1.81,clear sky
482,Shelburne,CA,44.0787,-80.2041,100,85,25.75,12.75,overcast clouds
483,Xiantao,CN,30.3833,113.4,74,27,43.23,11.39,broken clouds
484,Coronado,US,32.6859,-117.1831,20,83,58.48,3.44,few clouds
485,Gigmoto,PH,13.7796,124.39,100,81,81.43,8.59,overcast clouds
486,Bay Roberts,CA,47.5999,-53.2648,100,93,37.51,8.01,light snow
487,Aripuana,BR,-9.1667,-60.6333,95,95,71.06,0.87,overcast clouds
488,Rocky Mountain House,CA,52.3668,-114.9188,100,79,14.11,9.22,overcast clouds
489,Laichingen,DE,48.4894,9.6861,100,96,25.7,3.96,overcast clouds
490,Dauphin,CA,51.1494,-100.0502,0,92,6.94,9.22,mist
491,Oranjemund,NA,-28.55,16.4333,88,89,64.8,3.65,overcast clouds
492,Hohhot,CN,40.8106,111.6522,0,67,12.49,2.24,clear sky
493,Mbala,ZM,-8.8402,31.3659,55,85,57.76,2.21,broken clouds
494,Churapcha,RU,62.0025,132.4325,98,100,-30.75,2.28,overcast clouds
495,Genhe,CN,50.7833,121.5167,97,91,1.53,3.71,overcast clouds
496,Pangnirtung,CA,66.1451,-65.7125,100,96,7.92,2.35,overcast clouds
497,Lamar,US,33.6668,-95.5836,100,97,55.36,6.91,moderate rain
498,Tezu,IN,27.9167,96.1667,0,31,71.1,2.17,clear sky
499,Daitari,IN,21.1,85.75,70,33,69.67,1.25,broken clouds
500,Sao Jose Da Coroa Grande,BR,-8.8978,-35.1478,86,84,77.86,7.76,overcast clouds
501,Epe,NG,6.5841,3.9834,68,93,75.02,3.89,broken clouds
502,Zhigansk,RU,66.7697,123.3711,76,99,-46.62,3.74,broken clouds
503,Tarko-Sale,RU,64.9225,77.785,47,100,-25.8,3.69,scattered clouds
504,Pyatigorskiy,RU,43.9742,43.2583,11,89,22.87,3.42,few clouds
505,Muzhi,RU,65.3667,64.6667,57,100,-16.89,1.59,broken clouds
506,Nome,US,64.5011,-165.4064,100,99,28.17,22.86,snow
507,Touros,BR,-5.1989,-35.4608,1,82,78.78,12.73,clear sky
508,Tazmalt,DZ,36.3868,4.3989,58,88,51.75,4.97,broken clouds
509,Corinth,GR,37.9407,22.9573,100,80,61.9,14.61,overcast clouds
510,Eureka,US,40.8021,-124.1637,100,95,47.01,1.01,overcast clouds
511,Sao Felix Do Xingu,BR,-6.6447,-51.995,100,95,71.78,2.01,overcast clouds
512,Pedernales,DO,18.0384,-71.744,0,73,75.29,3.04,clear sky
513,Omboue,GA,-1.5746,9.2618,100,84,77.59,4.45,overcast clouds
514,Tabou,CI,4.423,-7.3528,9,81,78.24,4.14,clear sky
515,Mana,GF,5.6592,-53.7767,90,90,76.12,7.14,overcast clouds
516,Labuhan,ID,-6.8844,112.2051,98,61,86.81,4.63,light rain
517,Praia Da Vitoria,PT,38.7333,-27.0667,40,77,66.45,34.92,light rain
518,Lehigh Acres,US,26.6254,-81.6248,0,88,69.78,3.44,clear sky
519,Labytnangi,RU,66.6572,66.4183,66,96,-15.21,2.86,broken clouds
520,Kumi,KR,36.1136,128.336,4,37,44.15,7.14,clear sky
521,Saint-Georges,GD,12.0564,-61.7485,20,88,73.08,0.0,few clouds
522,Bloemhof,ZA,-27.6469,25.607,81,68,68.13,6.15,broken clouds
523,Bulgan,MN,48.8125,103.5347,100,83,5.41,3.85,overcast clouds
524,Egvekinot,RU,66.3167,-179.1667,100,93,2.25,22.44,snow
525,Matara,LK,5.9485,80.5353,92,83,79.43,6.87,overcast clouds
526,Eidsvag,NO,62.7767,8.0668,21,80,18.25,8.19,few clouds
527,Mackay,AU,-21.15,149.2,35,70,88.68,10.96,scattered clouds
528,Ontario,US,34.0633,-117.6509,75,82,57.85,6.91,broken clouds
529,Los Llanos De Aridane,ES,28.6585,-17.9182,40,92,67.75,4.0,scattered clouds
530,Flinders,AU,-34.5833,150.8552,31,61,82.18,7.0,scattered clouds
531,Villa Bruzual,VE,9.3328,-69.1208,89,68,76.89,6.2,overcast clouds
532,Puerto Del Rosario,ES,28.5004,-13.8627,0,77,67.75,3.44,clear sky
533,Mahon,ES,39.8885,4.2658,0,93,46.96,8.05,clear sky
534,Idil,TR,37.3411,41.8895,0,87,37.33,8.05,clear sky
535,Matagami,CA,49.7502,-77.6328,0,85,1.51,6.91,clear sky
536,Bom Jesus,BR,-9.0744,-44.3586,100,76,75.38,2.1,overcast clouds
537,Evensk,RU,61.95,159.2333,89,76,-8.84,6.02,overcast clouds
538,Mercedes,AR,-34.6515,-59.4307,0,39,73.78,6.87,clear sky
539,Nha Trang,VN,12.25,109.1833,100,78,82.4,8.12,overcast clouds
540,Omsukchan,RU,62.5333,155.8,86,97,-32.21,3.38,overcast clouds
541,Lazarev,RU,52.225,141.5131,22,86,3.04,4.14,few clouds
542,Neryungri,RU,56.6709,124.6491,100,83,-1.35,3.98,overcast clouds
543,Meulaboh,ID,4.1363,96.1285,100,85,76.62,4.12,light rain
544,Biysk,RU,52.5364,85.2072,100,91,10.08,16.06,overcast clouds
545,Friendly,US,38.7518,-76.9786,100,71,43.11,5.75,overcast clouds
546,Roblin,CA,51.23,-101.3565,61,99,1.18,3.91,broken clouds
547,Changji,CN,44.0167,87.3167,0,85,5.79,4.47,clear sky
548,Coari,BR,-4.085,-63.1414,68,94,73.85,1.68,broken clouds
549,Kyra,RU,49.5776,111.9753,100,64,8.35,0.34,overcast clouds
550,Bourail,NC,-21.5667,165.4833,35,62,84.83,3.74,scattered clouds
551,Quito,EC,-0.2299,-78.5249,100,92,49.15,1.54,light rain
552,Presidencia Roque Saenz Pena,AR,-26.7852,-60.4388,100,94,70.7,0.07,overcast clouds
553,Sinnamary,GF,5.3833,-52.95,73,86,76.66,7.65,broken clouds
554,Linguere,SN,15.3953,-15.1193,0,16,78.53,8.19,clear sky
555,Lima,PE,-12.0432,-77.0282,40,77,66.45,14.97,scattered clouds
556,Acarau,BR,-2.8856,-40.12,0,81,78.69,14.34,clear sky
557,Heinola,FI,61.2056,26.0381,100,95,21.99,7.25,overcast clouds
558,Mission Bend,US,29.6938,-95.6649,75,87,74.21,4.61,broken clouds
559,Namalenga,TZ,-10.95,39.1,96,88,70.77,1.32,overcast clouds
560,Korla,CN,41.7597,86.1469,0,29,22.66,5.37,clear sky
561,Dunkirk,FR,51.05,2.3667,97,45,34.09,10.04,light snow
562,Chumikan,RU,54.7183,135.315,20,78,-0.76,18.07,few clouds
563,Karlsfeld,DE,48.2167,11.4667,99,91,29.41,4.79,overcast clouds
564,Spirit River,CA,55.7833,-118.8361,100,95,-1.77,8.3,light snow
565,Ginir,ET,7.1333,40.7,1,38,53.11,4.59,clear sky
566,Minas Novas,BR,-17.2186,-42.5903,84,97,68.29,1.07,light rain
567,Longhua,CN,23.6137,114.1919,98,56,58.42,6.11,overcast clouds
568,Samarai,PG,-10.6167,150.6667,100,70,85.21,9.4,overcast clouds
569,Khipro,PK,25.8285,69.3772,0,38,64.49,8.43,clear sky
570,Lakhdenpokhya,RU,61.5198,30.1992,99,91,20.89,7.67,overcast clouds
571,Kraskino,RU,42.7114,130.7794,0,45,25.59,10.51,clear sky
572,Ponta Delgada,PT,37.7333,-25.6667,75,82,66.92,24.16,broken clouds
573,Mbandaka,CD,0.0487,18.2603,30,91,70.7,2.73,scattered clouds
574,Davila,PH,18.4726,120.5763,99,68,84.18,16.58,overcast clouds
575,Sisophon,KH,13.5859,102.9737,98,62,80.8,7.74,overcast clouds
576,Montrose,US,38.4166,-108.2673,89,60,24.44,4.5,overcast clouds
577,Mackenzie,CA,55.2999,-123.1698,100,57,12.42,4.61,overcast clouds
578,Banos,EC,-1.4,-78.4167,100,99,61.11,2.55,moderate rain
579,Namatanai,PG,-3.6667,152.4333,89,65,85.66,5.37,overcast clouds
580,Mashhad,IR,36.297,59.6062,100,80,30.34,6.91,overcast clouds
581,Terrace Bay,CA,48.7834,-87.1,100,87,24.78,7.31,overcast clouds
582,Rio Grande,BR,-32.035,-52.0986,97,88,71.85,8.57,overcast clouds
583,Krems,AT,48.4092,15.6142,100,89,37.33,11.34,light snow
584,Nizwa,OM,22.9333,57.5333,2,76,62.98,1.97,clear sky
585,Otukpo,NG,7.1913,8.1329,3,30,71.62,2.89,clear sky
586,Haines Junction,CA,60.7522,-137.5108,25,76,-23.85,1.14,scattered clouds
587,Southend-On-Sea,GB,51.5378,0.7143,100,95,34.05,3.0,fog
588,Kununurra,AU,-15.7667,128.7333,89,59,94.98,3.44,overcast clouds
589,Labrea,BR,-7.2586,-64.7981,94,90,75.87,1.66,overcast clouds
590,Perevolotskiy,RU,51.8763,54.1938,91,98,8.01,7.02,overcast clouds
591,Catuday,PH,16.2923,119.8062,100,72,80.15,15.1,overcast clouds
592,Sangar,RU,63.9242,127.4739,60,98,-38.25,1.57,broken clouds
593,Smolenka,RU,52.1352,113.4974,44,66,3.27,4.47,scattered clouds
594,Zasosna,RU,50.6307,38.3965,100,94,38.61,16.02,overcast clouds
595,San Vicente,AR,-26.6167,-54.1333,100,97,67.42,2.1,overcast clouds
596,Pervomayskoye,RU,43.919,46.7102,92,73,46.44,23.4,overcast clouds
597,Nizhniy Kuranakh,RU,58.8353,125.4869,100,93,3.13,6.64,overcast clouds
598,Vestmanna,FO,62.1564,-7.1664,75,64,34.72,13.8,light snow
599,Rawah,IQ,34.4816,41.9093,4,68,51.94,4.97,clear sky
600,Naryan-Mar,RU,67.6713,53.087,99,100,-5.19,2.19,overcast clouds
601,Ozernovskiy,RU,51.5,156.5167,98,70,26.56,6.53,overcast clouds
602,Peruibe,BR,-24.32,-46.9983,48,94,71.94,2.82,scattered clouds
603,Dalvik,IS,65.9702,-18.5286,7,80,6.73,4.63,clear sky
604,Bilibino,RU,68.0546,166.4372,100,99,-8.61,2.37,overcast clouds
605,Bryan,US,30.6744,-96.37,100,96,71.35,4.61,light rain
606,Nunoa,PE,-14.48,-70.6411,60,76,42.93,1.16,broken clouds
607,Jiuquan,CN,39.7432,98.5174,100,59,19.04,5.5,overcast clouds
608,Carballo,ES,43.213,-8.691,100,83,45.91,2.86,overcast clouds
609,Wawa,NG,9.9022,4.4192,100,26,70.93,5.95,overcast clouds
610,Igrim,RU,63.1906,64.4162,11,99,-19.14,1.45,few clouds
611,Najran,SA,17.4924,44.1277,6,59,57.85,3.56,clear sky
612,Oskarshamn,SE,57.2645,16.4484,94,93,22.98,6.15,overcast clouds
613,Malanje,AO,-9.5402,16.341,100,99,62.08,3.31,light rain
614,Dan Khun Thot,TH,15.2085,101.7714,89,64,76.68,9.69,overcast clouds
615,Monkey Bay,MW,-14.0728,34.9201,98,78,74.46,4.79,overcast clouds
616,Winnemucca,US,40.973,-117.7357,100,76,44.65,10.36,light rain
617,Jiayuguan,CN,39.8167,98.3,73,66,16.18,10.0,broken clouds
618,Waipawa,NZ,-41.4122,175.5153,88,41,69.03,9.84,overcast clouds
619,Westport,US,41.1415,-73.3579,100,73,37.74,8.05,overcast clouds
620,San Cristobal,VE,7.7669,-72.225,87,94,68.18,0.36,overcast clouds
621,Kushima,JP,31.4583,131.2333,0,55,64.09,8.86,clear sky
622,Chaozhou,CN,23.6651,116.6379,88,61,62.46,7.52,overcast clouds
623,Alice Springs,AU,-23.7,133.8833,51,12,98.15,9.22,broken clouds
624,Gat,IL,31.61,34.7642,19,52,59.4,1.14,few clouds
625,Karachi,PK,24.9056,67.0822,0,49,67.82,13.8,haze
626,Nassjo,SE,57.6531,14.6968,91,99,20.32,1.23,overcast clouds
627,Maxixe,MZ,-23.8597,35.3472,19,88,74.01,2.48,few clouds
628,Fianarantsoa,MG,-21.4333,47.0833,90,92,58.17,1.92,overcast clouds
629,Toora-Khem,RU,52.4675,96.11,100,95,0.61,1.36,light snow
630,Romans-Sur-Isere,FR,45.0464,5.0562,70,87,32.85,10.74,broken clouds
631,Richards Bay,ZA,-28.783,32.0377,100,92,72.0,2.04,overcast clouds
632,Lithakia,GR,37.7167,20.8333,100,81,61.97,17.05,overcast clouds
633,Laguna,US,38.421,-121.4238,100,92,54.28,8.05,overcast clouds
634,Zemio,CF,5.0314,25.1361,37,52,69.31,1.88,scattered clouds
635,Hornepayne,CA,49.2138,-84.7705,100,88,16.29,4.38,overcast clouds
636,Didsbury,GB,53.417,-2.2315,100,91,36.55,2.3,mist
637,Abu Zabad,SD,12.35,29.25,0,25,61.57,9.98,clear sky
638,Stornoway,GB,58.2093,-6.3865,96,86,37.36,5.75,light rain
639,Shimoda,JP,34.6667,138.95,59,55,64.11,18.92,broken clouds
640,Skibbereen,IE,51.55,-9.2667,1,82,34.29,6.33,clear sky
641,Conceicao Da Barra,BR,-18.5933,-39.7322,35,95,73.38,6.53,scattered clouds
642,Pochutla,MX,15.7432,-96.4661,0,71,73.81,3.31,clear sky
643,Yukamenskoye,RU,57.8865,52.2416,100,95,19.87,11.32,snow
644,Griffith,US,41.5284,-87.4237,100,93,39.25,0.0,fog
645,Axim,GH,4.8699,-2.2405,40,82,78.73,4.9,scattered clouds
646,Verkhneuralsk,RU,53.8769,59.2106,64,87,1.85,6.53,broken clouds
647,Teahupoo,PF,-17.8333,-149.2667,100,73,78.76,9.31,moderate rain
648,Dashitou,CN,43.3067,128.5114,1,60,17.35,9.78,clear sky
649,Kenosha,US,42.5667,-88.0501,100,90,38.61,3.2,overcast clouds
650,Wageningen,NL,51.9667,5.6667,100,98,34.86,4.61,mist
651,Anloga,GH,5.7947,0.8973,97,82,80.6,8.48,overcast clouds
652,Ust-Kulom,RU,61.6864,53.6902,96,97,6.66,5.86,overcast clouds
653,Kankon,IN,15.0167,74.0167,100,82,76.8,2.08,overcast clouds
654,Kabin Buri,TH,13.9511,101.7177,99,100,83.97,7.49,overcast clouds
655,Gornyy,RU,55.1153,83.9059,100,99,-5.4,6.08,overcast clouds
656,Alta Floresta,BR,-9.8756,-56.0861,98,88,69.39,3.29,overcast clouds
657,Sampit,ID,-2.5333,112.95,99,64,85.64,0.76,overcast clouds
658,Wanxian,CN,30.8039,108.3897,100,64,55.87,3.4,overcast clouds
659,Tacuarembo,UY,-31.7333,-55.9833,80,70,72.41,7.83,broken clouds
660,Lake City,US,30.1897,-82.6393,100,88,64.58,0.0,overcast clouds
661,Port-Cartier,CA,50.0334,-66.8654,2,81,8.74,7.07,clear sky
662,Tonj,SS,7.2737,28.6822,33,29,71.98,5.93,scattered clouds
663,Astoria,US,46.1879,-123.8313,100,94,46.29,4.61,light rain
664,Smithers,CA,54.7804,-127.1743,100,93,23.32,2.3,overcast clouds
665,Causapscal,CA,48.3542,-67.227,8,82,13.66,3.87,clear sky
666,Grand-Santi,GF,4.25,-54.3833,53,99,71.65,2.35,broken clouds
667,Voyinka,UA,45.8699,33.9914,100,80,53.76,10.18,overcast clouds
668,Abdanan,IR,32.9926,47.4198,0,49,46.74,5.88,clear sky
669,Mount Isa,AU,-20.7333,139.5,0,9,101.97,11.5,clear sky
670,Verkhoyansk,RU,67.5447,133.385,100,94,-32.89,6.53,overcast clouds
671,Getashen,AM,40.044,43.942,75,87,38.08,2.3,mist
672,Gaoual,GN,11.75,-13.2,10,47,72.03,1.68,clear sky
673,Kamenka,RU,51.3223,42.7678,100,95,30.51,20.74,overcast clouds
674,Kazerun,IR,29.6195,51.6541,0,66,48.45,1.86,clear sky
675,Sola,VU,-13.8833,167.55,100,78,81.27,0.0,overcast clouds
676,Okaihau,NZ,-35.3167,173.7833,99,89,66.09,4.14,light rain
677,Pushchino,RU,54.8339,37.6264,100,100,33.03,2.98,light snow
678,Puerto Quijarro,BO,-17.7833,-57.7667,100,74,78.8,3.51,overcast clouds
679,Brainerd,US,46.358,-94.2008,100,86,33.82,0.0,mist
680,Marienburg,PL,54.0359,19.0266,97,88,32.04,4.61,overcast clouds
681,Chokwe,MZ,-24.5333,32.9833,74,85,72.93,3.49,broken clouds
682,Chapais,CA,49.7834,-74.8492,98,90,-0.62,5.97,overcast clouds
683,Oulainen,FI,64.2667,24.8,100,89,23.81,10.07,overcast clouds
684,Sorland,NO,67.667,12.6934,20,59,30.06,16.46,few clouds
685,Awjilah,LY,29.1081,21.2869,3,31,67.03,10.47,clear sky
686,Kuching,MY,1.55,110.3333,20,83,85.08,3.44,few clouds
687,Acapulco,MX,16.8634,-99.8901,20,83,78.62,2.3,few clouds
688,Tarancon,ES,40.0085,-3.0073,100,88,42.55,11.99,light rain
689,Puerto Leguizamo,CO,-0.1934,-74.7819,100,73,77.23,2.08,overcast clouds
